{
    "train_loss": [
        0.7979683033749461,
        0.19115779061801733,
        0.0673194873475586,
        0.04576573985510549,
        0.5944085993613225,
        0.1340624696953455,
        0.11530508263909724,
        0.13311602038898854,
        0.06659503728153894,
        0.08481301500043628
    ],
    "val_loss": [
        0.25903168514370917,
        0.11213145337998867,
        0.04923172424081713,
        1.128330299485242,
        0.06784836299717427,
        0.022582576437853278,
        0.3853781080874614,
        0.05030862839892507,
        0.20640918537974356,
        0.035511983105607214
    ],
    "feature_weights": [
        [
            [
                0.19983986020088196,
                0.2094978541135788,
                0.2389635294675827,
                0.15103836357593536,
                0.20066051185131073
            ],
            [
                0.19571514427661896,
                0.21297603845596313,
                0.37439417839050293,
                0.023982347920536995,
                0.1929323673248291
            ],
            [
                0.19527246057987213,
                0.20572471618652344,
                0.40344905853271484,
                0.007900997065007687,
                0.18765269219875336
            ],
            [
                0.33938533067703247,
                0.09026797115802765,
                0.0457499697804451,
                0.4065893888473511,
                0.11800738424062729
            ],
            [
                0.2350502759218216,
                0.23817574977874756,
                0.25639182329177856,
                0.03829031065106392,
                0.23209184408187866
            ]
        ],
        [
            [
                0.11846515536308289,
                0.1625327467918396,
                0.5149903297424316,
                0.08715038746595383,
                0.1168612465262413
            ],
            [
                0.000632951152510941,
                0.003710170043632388,
                0.9947458505630493,
                0.0003101453185081482,
                0.0006006976473145187
            ],
            [
                7.005228781054029e-06,
                0.0002504412259440869,
                0.9996779561042786,
                5.774222518084571e-05,
                6.903772373334505e-06
            ],
            [
                0.000428456551162526,
                5.126743781147525e-05,
                5.650387265632162e-06,
                0.999001145362854,
                0.0005135008250363171
            ],
            [
                0.14347892999649048,
                0.17317044734954834,
                0.35906699299812317,
                0.18053355813026428,
                0.14375004172325134
            ]
        ],
        [
            [
                0.08206379413604736,
                0.12711350619792938,
                0.6433452367782593,
                0.06883057206869125,
                0.07864654064178467
            ],
            [
                0.00013834654237143695,
                0.0008443390252068639,
                0.9988995790481567,
                4.637945494323503e-06,
                0.00011319747136440128
            ],
            [
                8.486151159559085e-08,
                5.723314643546473e-06,
                0.9999942779541016,
                2.586685587946391e-10,
                6.75987621434615e-08
            ],
            [
                0.00012091461394447833,
                5.414942279458046e-05,
                1.2295160559006035e-05,
                0.9996809363365173,
                0.00013166014105081558
            ],
            [
                0.10844676941633224,
                0.13452690839767456,
                0.3487509787082672,
                0.2990567982196808,
                0.10921850055456161
            ]
        ],
        [
            [
                0.08994616568088531,
                0.13515445590019226,
                0.6315876245498657,
                0.05777088552713394,
                0.08554092049598694
            ],
            [
                0.0002987684274557978,
                0.0015619380865246058,
                0.9978543519973755,
                3.294870475656353e-05,
                0.0002520721172913909
            ],
            [
                2.5510632895020535e-07,
                1.1989535778411664e-05,
                0.9999877214431763,
                3.2566379815079927e-08,
                1.9208387413982564e-07
            ],
            [
                0.0006435495452024043,
                0.0001852083223639056,
                1.9449886167421937e-05,
                0.9983898997306824,
                0.000762142357416451
            ],
            [
                0.11902650445699692,
                0.14113734662532806,
                0.3059103786945343,
                0.3133704960346222,
                0.12055540084838867
            ]
        ],
        [
            [
                0.08245459198951721,
                0.0908101350069046,
                0.48658254742622375,
                0.25181809067726135,
                0.08833466470241547
            ],
            [
                0.0392763651907444,
                0.04304441437125206,
                0.751566469669342,
                0.11988082528114319,
                0.04623204097151756
            ],
            [
                0.03227778896689415,
                0.03474210575222969,
                0.7722381353378296,
                0.11521265655755997,
                0.045529142022132874
            ],
            [
                0.014256182126700878,
                0.0032643117010593414,
                0.07804408669471741,
                0.8962620496749878,
                0.008173263631761074
            ],
            [
                0.1082758903503418,
                0.10588023066520691,
                0.1909441351890564,
                0.4761108160018921,
                0.118788942694664
            ]
        ],
        [
            [
                0.059504833072423935,
                0.02454770728945732,
                0.42562761902809143,
                0.43443265557289124,
                0.055886950343847275
            ],
            [
                4.333426113589667e-05,
                7.461766654159874e-05,
                0.9690833687782288,
                0.0307693500071764,
                2.9252301828819327e-05
            ],
            [
                1.0336203892791218e-08,
                6.046808920245894e-08,
                0.9434513449668884,
                0.05654861405491829,
                9.77534408974634e-09
            ],
            [
                0.00015583507774863392,
                0.00010444942017784342,
                7.117647328414023e-06,
                0.999576985836029,
                0.00015561102190986276
            ],
            [
                0.03848954662680626,
                0.030813012272119522,
                0.19141212105751038,
                0.695068895816803,
                0.0442163348197937
            ]
        ],
        [
            [
                0.04943552240729332,
                0.01638896018266678,
                0.5017229318618774,
                0.40092870593070984,
                0.031523704528808594
            ],
            [
                0.0002670094254426658,
                0.0004507498233579099,
                0.9885011315345764,
                0.010639140382409096,
                0.00014188315253704786
            ],
            [
                3.111697708391148e-07,
                1.1734793581297254e-08,
                0.8763542175292969,
                0.1236456111073494,
                4.968506495117708e-09
            ],
            [
                0.004599246196448803,
                0.047908321022987366,
