{
    "precision@5": 1.0,
    "recall@5": 0.004284490145672665,
    "f1@5": 0.008532423208191127,
    "ndcg@5": 0.9999999999999999,
    "precision@10": 1.0,
    "recall@10": 0.00856898029134533,
    "f1@10": 0.016992353440951572,
    "ndcg@10": 1.0,
    "precision@20": 1.0,
    "recall@20": 0.01713796058269066,
    "f1@20": 0.03369839932603201,
    "ndcg@20": 0.9999999999999999,
    "coverage": 0.02
}