{
    "train_loss": [
        0.3806822846084833,
        0.3343324000388384,
        0.11403041671146638,
        0.047121800350578266,
        0.22932404509756452,
        0.1523943136347225,
        0.037691095261252486,
        0.030981169511651387,
        0.35060953278880336,
        0.46540409316541625
    ],
    "val_loss": [
        0.38377913028001787,
        0.26191673436202106,
        0.0486529403924942,
        0.00398221241106512,
        0.46232559894706354,
        0.04066530218813568,
        0.01277092333708424,
        0.08662220471305773,
        0.05791626331396401,
        0.09906217209994793
    ],
    "feature_weights": [
        [
            [
                0.2033408135175705,
                0.20262974500656128,
                0.19754688441753387,
                0.19226336479187012,
                0.20421907305717468
            ],
            [
                0.16033849120140076,
                0.15473827719688416,
                0.1539725959300995,
                0.3710255026817322,
                0.15992525219917297
            ],
            [
                0.20252685248851776,
                0.20195071399211884,
                0.21306994557380676,
                0.18184897303581238,
                0.20060327649116516
            ],
            [
                0.19843165576457977,
                0.31719744205474854,
                0.2664891481399536,
                0.023415951058268547,
                0.194465771317482
            ],
            [
                0.19470420479774475,
                0.19219306111335754,
                0.18499961495399475,
                0.23349805176258087,
                0.19460496306419373
            ]
        ],
        [
            [
                0.15778346359729767,
                0.1527731567621231,
                0.15519842505455017,
                0.3714635670185089,
                0.16278138756752014
            ],
            [
                0.21366488933563232,
                0.19621394574642181,
                0.20507651567459106,
                0.17328086495399475,
                0.21176369488239288
            ],
            [
                0.21736449003219604,
                0.2063053399324417,
                0.24374529719352722,
                0.11313793063163757,
                0.2194468379020691
            ],
            [
                0.12253495305776596,
                0.19846557080745697,
                0.5710254907608032,
                0.001931303646415472,
                0.10604263842105865
            ],
            [
                0.11297241598367691,
                0.10470705479383469,
                0.10101210325956345,
                0.5715516805648804,
                0.10975653678178787
            ]
        ],
        [
            [
                0.2061345875263214,
                0.19850854575634003,
                0.21736501157283783,
                0.1699436604976654,
                0.20804814994335175
            ],
            [
                0.22641000151634216,
                0.21716564893722534,
                0.23498763144016266,
                0.08768854290246964,
                0.233748197555542
            ],
            [
                0.22533853352069855,
                0.22375079989433289,
                0.3145374357700348,
                0.008150081150233746,
                0.2282232791185379
            ],
            [
                0.08208344131708145,
                0.09815748780965805,
                0.7758994698524475,
                0.00027174819842912257,
                0.04358826205134392
            ],
            [
                0.06852591037750244,
                0.06487242877483368,
                0.05926414206624031,
                0.7394493222236633,
                0.0678882896900177
            ]
        ],
        [
            [
                0.20093196630477905,
                0.19948142766952515,
                0.2515324652194977,
                0.12739777565002441,
                0.22065642476081848
            ],
            [
                0.22089038789272308,
                0.2209358811378479,
                0.266438364982605,
                0.05100566893815994,
                0.24072964489459991
            ],
            [
                0.21163655817508698,
                0.2130313664674759,
                0.31615427136421204,
                0.007592381443828344,
                0.2515852153301239
            ],
            [
                0.04053908586502075,
                0.04142491891980171,
                0.8991812467575073,
                0.00038237101398408413,
                0.018472086638212204
            ],
            [
                0.062182385474443436,
                0.0626290887594223,
                0.05432282015681267,
                0.7549336552619934,
                0.06593228876590729
            ]
        ],
        [
            [
                0.22576668858528137,
                0.2215014398097992,
                0.20053201913833618,
                0.1138482317328453,
                0.23835182189941406
            ],
            [
                0.18346402049064636,
                0.1731431782245636,
                0.10303177684545517,
                0.2829038202762604,
                0.25745731592178345
            ],
            [
                0.25947532057762146,
                0.23167148232460022,
                0.12212579697370529,
                0.038468509912490845,
                0.348258912563324
            ],
            [
                0.019761618226766586,
                0.002111907349899411,
                0.9707765579223633,
                0.005796143319457769,
                0.0015541237080469728
            ],
            [
                0.07447541505098343,
                0.07372445613145828,
                0.04896678403019905,
                0.7286754250526428,
                0.07415798306465149
            ]
        ],
        [
            [
                0.3066694438457489,
                0.18397073447704315,
                0.11332537233829498,
                0.1392229199409485,
                0.2568114101886749
            ],
            [
                0.30632078647613525,
                0.18906079232692719,
                0.06495131552219391,
                0.07775574177503586,
                0.361911416053772
            ],
            [
                0.4492909014225006,
                0.1549195945262909,
                0.06857424229383469,
                0.01821955107152462,
                0.30899545550346375
            ],
            [
                0.07096898555755615,
                0.00040425758925266564,
                0.9257256984710693,
                3.699893568409607e-06,
                0.0028975149616599083
            ],
            [
                0.08365467935800552,
                0.07055824249982834,
                0.02939700335264206,
                0.7376337051391602,
                0.07875612378120422
            ]
        ],
        [
            [
                0.25394555926322937,
                0.21531161665916443,
                0.16306516528129578,
                0.10647991299629211,
                0.26119768619537354
            ],
            [
                0.24605832993984222,
                0.20579178631305695,
                0.08246937394142151,
                0.09515900164842606,
                0.3705214858055115
            ],
            [
                0.2813405990600586,
                0.18735627830028534,
                0.03772607818245888,
                0.025265244767069817,
                0.46831178665161133
            ],
            [
                0.055279988795518875,
                0.0010429811663925648,
                0.9400626420974731,
                5.451250217447523e-06,
                0.0036090053617954254
