{
    "train_loss": [
        0.5277149260044098,
        0.2594789030775428,
        0.16631036740727723,
        0.15397038528230042,
        0.11840699894819409,
        0.13412118647247553,
        0.06329337702976773,
        0.6999079054803587,
        0.38842932255531193,
        0.2281453489001342
    ],
    "val_loss": [
        0.2852873793244362,
        0.11302831370383501,
        0.09243288800120354,
        0.053184013590216635,
        0.044083029963076115,
        0.035389466509222985,
        0.02997357663931325,
        0.3086035855859518,
        0.035520743518136444,
        0.023114601916167887
    ],
    "feature_weights": [
        [
            [
                0.25811487436294556,
                0.2351764291524887,
                0.23061427474021912,
                0.026087738573551178,
                0.2500064969062805
            ],
            [
                0.26461103558540344,
                0.23926536738872528,
                0.23363780975341797,
                0.00820031575858593,
                0.25428539514541626
            ],
            [
                0.2643601596355438,
                0.23873284459114075,
                0.232906773686409,
                0.00895444955676794,
                0.25504568219184875
            ],
            [
                0.7132827639579773,
                0.09649873524904251,
                0.05149712786078453,
                0.005119326990097761,
                0.1336020827293396
            ],
            [
                0.24560546875,
                0.23730452358722687,
                0.23524989187717438,
                0.03956994786858559,
                0.24227002263069153
            ]
        ],
        [
            [
                0.2626890242099762,
                0.22422116994857788,
                0.2278696447610855,
                0.001612784923054278,
                0.2836073935031891
            ],
            [
                0.26383063197135925,
                0.22033745050430298,
                0.22244735062122345,
                0.00046324171125888824,
                0.29292139410972595
            ],
            [
                0.26521381735801697,
                0.2203172892332077,
                0.22164782881736755,
                0.0004430237750057131,
                0.2923780083656311
            ],
            [
                0.173929825425148,
                0.014221942983567715,
                0.019548334181308746,
                0.0009054613765329123,
                0.7913947105407715
            ],
            [
                0.2535664737224579,
                0.23866015672683716,
                0.23952460289001465,
                0.008102786727249622,
                0.2601458430290222
            ]
        ],
        [
            [
                0.25212642550468445,
                0.2110995203256607,
                0.23089125752449036,
                0.007722136098891497,
                0.29816070199012756
            ],
            [
                0.2555517852306366,
                0.2030511498451233,
                0.22598779201507568,
                0.0004325580957811326,
                0.31497666239738464
            ],
            [
                0.25768139958381653,
                0.20457860827445984,
                0.22661206126213074,
                0.00046722355182282627,
                0.3106606900691986
            ],
            [
                0.07167383283376694,
                0.011547267436981201,
                0.026243118569254875,
                0.00019099128257948905,
                0.8903448581695557
            ],
            [
                0.2298041433095932,
                0.21419747173786163,
                0.22102344036102295,
                0.09483946859836578,
                0.24013550579547882
            ]
        ],
        [
            [
                0.2017645537853241,
                0.20106299221515656,
                0.22161798179149628,
                0.0011399853974580765,
                0.37441447377204895
            ],
            [
                0.22324225306510925,
                0.22710204124450684,
                0.23630429804325104,
                0.0006982733029872179,
                0.31265297532081604
            ],
            [
                0.22449851036071777,
                0.2220812439918518,
                0.23230691254138947,
                0.000530265097040683,
                0.3205832839012146
            ],
            [
                0.010010850615799427,
                0.013700740411877632,
                0.02302755042910576,
                0.0001531127345515415,
                0.9531074166297913
            ],
            [
                0.22963252663612366,
                0.22770944237709045,
                0.23062676191329956,
                0.06252358853816986,
                0.24950774013996124
            ]
        ],
        [
            [
                0.2528268098831177,
                0.18373581767082214,
                0.21670860052108765,
                0.0009454177343286574,
                0.3457830846309662
            ],
            [
                0.24395796656608582,
                0.2152802050113678,
                0.2333943247795105,
                0.0023513201158493757,
                0.30501601099967957
            ],
            [
                0.2508830726146698,
                0.2105962634086609,
                0.22876550257205963,
                0.000803787843324244,
                0.30895137786865234
            ],
            [
                0.017651863396167755,
                0.020443620160222054,
                0.05272136256098747,
                0.00019251936464570463,
                0.9089906811714172
            ],
            [
                0.22525493800640106,
                0.21342158317565918,
                0.21798188984394073,
                0.10860883444547653,
                0.23473264276981354
            ]
        ],
        [
            [
                0.2962256073951721,
                0.12913256883621216,
                0.22832658886909485,
                0.0011235171696171165,
                0.3451915979385376
            ],
            [
                0.26551124453544617,
                0.14472274482250214,
                0.2369300276041031,
                0.0007919517811387777,
                0.35204389691352844
            ],
            [
                0.27657562494277954,
                0.16912375390529633,
                0.23519326746463776,
                0.0012640219647437334,
                0.31784337759017944
            ],
            [
                0.042518846690654755,
                0.0030679090414196253,
                0.06886954605579376,
                0.000167820107890293,
                0.8853757977485657
            ],
            [
                0.21034087240695953,
                0.1799430400133133,
                0.19763080775737762,
                0.19898724555969238,
                0.21309787034988403
            ]
        ],
        [
            [
                0.28877562284469604,
                0.13329285383224487,
                0.23526105284690857,
                0.001450575073249638,
                0.34122008085250854
            ],
            [
                0.26314082741737366,
                0.14042271673679352,
                0.2399277687072754,
                0.0009904602775350213,
                0.3555182218551636
            ],
            [
                0.2758324146270752,
                0.1675717830657959,
                0.23527891933918,
                0.002350578550249338,
                0.3189662992954254
            ],
            [
                0.03737664967775345,
                0.0030009751208126545,
                0.08858025074005127,
                9.341521945316344e-05,
