{
    "train_loss": [
        0.4927376648783684,
        0.2884644754277542,
        0.16427067536395043,
        0.19413973230170087,
        0.10666478765124339,
        0.40128946800454285,
        0.17154761068348306,
        0.05724340032615146,
        0.14694707669225862,
        0.035262429816166334
    ],
    "val_loss": [
        0.3226149344444275,
        0.0830759912636131,
        0.32024501770734787,
        0.16885978782316668,
        0.14957301141286736,
        4.767878916412592,
        0.016620536373447976,
        0.03781773514347151,
        0.04169956142810406,
        0.009644837834057398
    ],
    "feature_weights": [
        [
            [
                0.21937479078769684,
                0.20795604586601257,
                0.2034449726343155,
                0.1556403487920761,
                0.21358376741409302
            ],
            [
                0.2414296269416809,
                0.23208796977996826,
                0.22772091627120972,
                0.06174720451235771,
                0.23701432347297668
            ],
            [
                0.24716472625732422,
                0.2355474978685379,
                0.2310003936290741,
                0.04650377109646797,
                0.23978357017040253
            ],
            [
                0.5417648553848267,
                0.14256641268730164,
                0.13685083389282227,
                0.010142199695110321,
                0.1686757206916809
            ],
            [
                0.2187657654285431,
                0.20893925428390503,
                0.20603489875793457,
                0.1537589728832245,
                0.21250107884407043
            ]
        ],
        [
            [
                0.2516360878944397,
                0.22808751463890076,
                0.20628570020198822,
                0.06391013413667679,
                0.25008073449134827
            ],
            [
                0.2539122998714447,
                0.24347274005413055,
                0.23040975630283356,
                0.011745908297598362,
                0.2604592740535736
            ],
            [
                0.25824683904647827,
                0.24186713993549347,
                0.22203414142131805,
                0.018583087250590324,
                0.2592688500881195
            ],
            [
                0.6194095611572266,
                0.08878421783447266,
                0.05322455242276192,
                0.0014709016541019082,
                0.2371106892824173
            ],
            [
                0.1357322633266449,
                0.12115997821092606,
                0.11541078984737396,
                0.5002045035362244,
                0.1274925172328949
            ]
        ],
        [
            [
                0.2600749433040619,
                0.21633844077587128,
                0.19076313078403473,
                0.06725648045539856,
                0.26556700468063354
            ],
            [
                0.25254935026168823,
                0.23437929153442383,
                0.2324064075946808,
                0.00236748275347054,
                0.2782975733280182
            ],
            [
                0.2558892071247101,
                0.23320020735263824,
                0.220558300614357,
                0.008548177778720856,
                0.28180405497550964
            ],
            [
                0.4872553050518036,
                0.1089099794626236,
                0.05157860741019249,
                0.006300145294517279,
                0.34595614671707153
            ],
            [
                0.10186993330717087,
                0.09403873980045319,
                0.08461858332157135,
                0.6214088201522827,
                0.0980638861656189
            ]
        ],
        [
            [
                0.30585619807243347,
                0.20474873483181,
                0.1885664016008377,
                0.013967277482151985,
                0.28686127066612244
            ],
            [
                0.30218252539634705,
                0.20141100883483887,
                0.190357968211174,
                0.0006445482722483575,
                0.3054038882255554
            ],
            [
                0.30981960892677307,
                0.19694103300571442,
                0.17982478439807892,
                0.001595966750755906,
                0.31181854009628296
            ],
            [
                0.9091707468032837,
                0.009660547599196434,
                0.04217660799622536,
                2.44876355282031e-05,
                0.038967691361904144
            ],
            [
                0.13635171949863434,
                0.12202631682157516,
                0.10948076844215393,
                0.504698634147644,
                0.12744252383708954
            ]
        ],
        [
            [
                0.30779802799224854,
                0.18483443558216095,
                0.16535121202468872,
                0.011390657164156437,
                0.33062559366226196
            ],
            [
                0.32223665714263916,
                0.1468488723039627,
                0.1344846934080124,
                0.0005143904127180576,
                0.39591556787490845
            ],
            [
                0.3220936059951782,
                0.14271001517772675,
                0.12617221474647522,
                0.0008410431910306215,
                0.4081830084323883
            ],
            [
                0.7475478053092957,
                0.013479392975568771,
                0.048777658492326736,
                2.6111960323760286e-05,
                0.19016899168491364
            ],
            [
                0.13456954061985016,
                0.12502862513065338,
                0.11357873678207397,
                0.5023453235626221,
                0.12447788566350937
            ]
        ],
        [
            [
                0.30152395367622375,
                0.12484477460384369,
                0.11354409903287888,
                0.031760696321725845,
                0.4283263385295868
            ],
            [
                0.3062179982662201,
                0.06828479468822479,
                0.06504222005605698,
                0.006657688412815332,
                0.5537973046302795
            ],
            [
                0.3261556923389435,
                0.06763001531362534,
                0.05643877387046814,
                0.007635291200131178,
                0.5421403050422668
            ],
            [
                0.5245916843414307,
                0.01080601941794157,
                0.029008720070123672,
                0.26869383454322815,
                0.1668996810913086
            ],
            [
                0.1736869215965271,
                0.12672506272792816,
                0.10877763479948044,
                0.4099367558956146,
                0.18087393045425415
            ]
        ],
        [
            [
                0.1688976287841797,
                0.00788995623588562,
                0.015525109134614468,
                0.16592776775360107,
                0.6417593955993652
            ],
            [
                0.10883444547653198,
                0.0002937852987088263,
                0.0012160472106188536,
                0.004711064975708723,
                0.88494473695755
            ],
            [
                0.10971803218126297,
                0.00015708139108028263,
                0.0024830622132867575,
                0.03259693458676338,
                0.8550448417663574
            ],
            [
                0.005450452212244272,
                0.000971965491771698,
                0.0023989935871213675,
                0.9893229603767395,
                0.0018556775758042932
