{
    "train_loss": [
        0.4406223612930626,
        0.22809501348478078,
        0.13133394679425692,
        0.024064897380694675,
        0.16399221278428286,
        0.5136199221885909,
        0.09971712475031382,
        0.056415741259006606,
        0.1633966391746435,
        0.19838384196249537
    ],
    "val_loss": [
        0.7923142531514168,
        0.2604192449897528,
        0.1158610337972641,
        0.0036815658751584122,
        0.1329008701816201,
        0.07186983406078071,
        0.037276310808956624,
        0.055493925004266205,
        0.45985684752464295,
        0.14687409902428045
    ],
    "feature_weights": [
        [
            [
                0.19135189056396484,
                0.18210624158382416,
                0.24185453355312347,
                0.19589175283908844,
                0.1887955665588379
            ],
            [
                0.178618922829628,
                0.2663499414920807,
                0.36908847093582153,
                0.020137548446655273,
                0.16580522060394287
            ],
            [
                0.17877334356307983,
                0.24805863201618195,
                0.38883092999458313,
                0.019181884825229645,
                0.1651553064584732
            ],
            [
                0.009994220919907093,
                0.009587532840669155,
                0.008106039837002754,
                0.9631097316741943,
                0.009202337823808193
            ],
            [
                0.20108240842819214,
                0.19583743810653687,
                0.21069656312465668,
                0.18827161192893982,
                0.20411202311515808
            ]
        ],
        [
            [
                0.06361576914787292,
                0.09092702716588974,
                0.7253513932228088,
                0.08478128910064697,
                0.03532439097762108
            ],
            [
                0.014888518489897251,
                0.04223402589559555,
                0.9410918354988098,
                4.463151526579168e-06,
                0.0017808835254982114
            ],
            [
                0.009732837788760662,
                0.025652989745140076,
                0.9641090035438538,
                5.811046435155731e-07,
                0.0005048465100117028
            ],
            [
                0.0012554717250168324,
                0.0009255072218365967,
                0.0002302363282069564,
                0.994161069393158,
                0.0034275762736797333
            ],
            [
                0.09246864914894104,
                0.08393387496471405,
                0.11607381701469421,
                0.6107970476150513,
                0.09672652184963226
            ]
        ],
        [
            [
                0.06385748833417892,
                0.05810191482305527,
                0.7638821005821228,
                0.0827503651380539,
                0.031407952308654785
            ],
            [
                0.017004797235131264,
                0.0035304217599332333,
                0.9790438413619995,
                3.2811958590173163e-06,
                0.00041761770262382925
            ],
            [
                0.012235715053975582,
                0.00035821061464957893,
                0.9873924851417542,
                1.9212871293916578e-08,
                1.3538901839638129e-05
            ],
            [
                0.00035270690568722785,
                0.00040089822141453624,
                3.71636742784176e-05,
                0.9977930188179016,
                0.0014168189372867346
            ],
            [
                0.08232768625020981,
                0.07461494207382202,
                0.09409380704164505,
                0.6667741537094116,
                0.08218942582607269
            ]
        ],
        [
            [
                0.03029479645192623,
                0.03345165401697159,
                0.8539465665817261,
                0.06628807634115219,
                0.016018936410546303
            ],
            [
                0.007063759490847588,
                0.0013256886741146445,
                0.9914660453796387,
                1.3337730706552975e-06,
                0.00014295436267275363
            ],
            [
                0.00480192806571722,
                0.00011670624371618032,
                0.9950766563415527,
                5.983394335551395e-10,
                4.769505721924361e-06
            ],
            [
                0.0015202447539195418,
                0.0017366608371958137,
                0.00014961522538214922,
                0.9884088635444641,
                0.008184471167623997
            ],
            [
                0.06837218254804611,
                0.0644284337759018,
                0.06301353126764297,
                0.7266489267349243,
                0.07753683626651764
            ]
        ],
        [
            [
                0.026193594560027122,
                0.02964864671230316,
                0.8339371085166931,
                0.0944482684135437,
                0.015772059559822083
            ],
            [
                0.006418193224817514,
                0.0011774564627557993,
                0.9922763705253601,
                2.7599878649198217e-06,
                0.00012526506907306612
            ],
            [
                0.004019530024379492,
                6.664791726507246e-05,
                0.9958298206329346,
                8.225267811212689e-05,
                2.0880477222817717e-06
            ],
            [
                0.0017429607687518,
                0.00197278568521142,
                0.00013524957466870546,
                0.9814264178276062,
                0.014722617343068123
            ],
            [
                0.07878536731004715,
                0.07120584696531296,
                0.1118680089712143,
                0.6568828225135803,
                0.08125799149274826
            ]
        ],
        [
            [
                0.021131737157702446,
                0.02198692224919796,
                0.8621001839637756,
                0.08136674016714096,
                0.013414300046861172
            ],
            [
                0.00496212113648653,
                0.0010966367553919554,
                0.9756636619567871,
                0.017999213188886642,
                0.000278552615782246
            ],
            [
                0.0022745816968381405,
                3.908124199369922e-05,
                0.9947919845581055,
                0.0028918415773659945,
                2.68972007688717e-06
            ],
            [
                0.0015403896104544401,
                0.0004590929893311113,
                3.1361916626337916e-05,
                0.9944728016853333,
                0.0034965595696121454
            ],
            [
                0.08226048201322556,
                0.07631904631853104,
                0.19075509905815125,
                0.5748001933097839,
                0.07586495578289032
            ]
        ],
        [
            [
                0.030565019696950912,
                0.019129011780023575,
                0.8428585529327393,
                0.09673581272363663,
                0.010711432434618473
            ],
            [
                0.01698056422173977,
                0.003914219792932272,
                0.978034257888794,
                0.00027114967815577984,
                0.0008002512622624636
            ],
            [
                0.015025260858237743,
                0.00010131856106454507,
                0.9837559461593628,
                0.0011122841387987137,
                5.155423878022702e-06
            ],
            [
                0.0011721368646249175,
