{
    "train_loss": [
        0.5130648294836283,
        0.2700170715583954,
        0.07164524035342765,
        0.0830014102030691,
        0.45201249210746025,
        0.09432653971602122,
        0.06764712485826749,
        0.050384702703396726,
        0.542301886903997,
        0.15338900426213514
    ],
    "val_loss": [
        0.12220431320369243,
        0.12615798823535443,
        0.02112876560073346,
        0.027369191257093917,
        0.03388534595258534,
        0.036373601499944924,
        0.019355886772100348,
        0.03254583887755871,
        0.3503257930278778,
        0.025385734629535365
    ],
    "feature_weights": [
        [
            [
                0.18285194039344788,
                0.14230534434318542,
                0.14967365562915802,
                0.3399394154548645,
                0.18522973358631134
            ],
            [
                0.18964017927646637,
                0.30777817964553833,
                0.27928686141967773,
                0.04194777086377144,
                0.18134699761867523
            ],
            [
                0.1921801120042801,
                0.30299362540245056,
                0.2860807478427887,
                0.03442016988992691,
                0.18432524800300598
            ],
            [
                0.13829834759235382,
                0.2643248736858368,
                0.18947017192840576,
                0.330644816160202,
                0.07726184278726578
            ],
            [
                0.18204505741596222,
                0.150458425283432,
                0.15575072169303894,
                0.3291265070438385,
                0.18261945247650146
            ]
        ],
        [
            [
                0.0999441146850586,
                0.18315927684307098,
                0.47852441668510437,
                0.14807315170764923,
                0.09029874950647354
            ],
            [
                0.0014828650746494532,
                0.06640983372926712,
                0.9311246275901794,
                2.9758510322608345e-07,
                0.000982431462034583
            ],
            [
                0.00045253688585944474,
                0.04818958044052124,
                0.9510559439659119,
                1.805162064272281e-08,
                0.00030239595798775554
            ],
            [
                0.0012723341351374984,
                0.0005296154413372278,
                0.00017416583432350308,
                0.9966006278991699,
                0.0014233909314498305
            ],
            [
                0.10819920152425766,
                0.08579402416944504,
                0.0967482253909111,
                0.5933207273483276,
                0.11593765020370483
            ]
        ],
        [
            [
                0.045805588364601135,
                0.12244825065135956,
                0.7053688168525696,
                0.08754613995552063,
                0.03883141279220581
            ],
            [
                1.8875904061133042e-05,
                0.0032828657422214746,
                0.9966912865638733,
                2.6207866099525745e-08,
                7.059209110593656e-06
            ],
            [
                4.156029717705678e-06,
                0.002056156750768423,
                0.9979379177093506,
                7.722245065622246e-10,
                1.6509048919033376e-06
            ],
            [
                0.0016017609741538763,
                0.00034043300547637045,
                3.513064802973531e-05,
                0.9957690834999084,
                0.0022537086624652147
            ],
            [
                0.07346739619970322,
                0.05968783423304558,
                0.0676172748208046,
                0.7160070538520813,
                0.0832207053899765
            ]
        ],
        [
            [
                0.05825931951403618,
                0.12179218232631683,
                0.6817806363105774,
                0.08608811348676682,
                0.0520799346268177
            ],
            [
                2.7357729777577333e-05,
                0.0017214773688465357,
                0.9982377290725708,
                1.376628659954804e-07,
                1.2982416592421941e-05
            ],
            [
                1.8931971226265887e-06,
                0.0008592531667090952,
                0.9991379380226135,
                9.318523730428296e-09,
                9.03648810890445e-07
            ],
            [
                0.0016009006649255753,
                0.0006105900392867625,
                0.00016533571761101484,
                0.9957189559936523,
                0.0019043440697714686
            ],
            [
                0.07750251889228821,
                0.06353970617055893,
                0.07021820545196533,
                0.7019882202148438,
                0.0867515355348587
            ]
        ],
        [
            [
                0.043727483600378036,
                0.06365672498941422,
                0.7486839294433594,
                0.1074238196015358,
                0.036508068442344666
            ],
            [
                7.995491614565253e-06,
                0.0025678714737296104,
                0.9944952130317688,
                0.0029269263613969088,
                1.7883666032503243e-06
            ],
            [
                3.2774880764918635e-07,
                0.002280148910358548,
                0.9939722418785095,
                0.003747591283172369,
                1.9559173836114496e-08
            ],
            [
                0.00471164146438241,
                0.0017899238737300038,
                3.859744083456462e-06,
                0.9858776926994324,
                0.007616926450282335
            ],
            [
                0.0945778340101242,
                0.09007816016674042,
                0.21629981696605682,
                0.5088956356048584,
                0.09014838933944702
            ]
        ],
        [
            [
                0.010221278294920921,
                0.028369292616844177,
                0.9240294694900513,
                0.030095798894762993,
                0.007283960469067097
            ],
            [
                5.128153497935273e-05,
                0.0015518158907070756,
                0.9983962178230286,
                5.527190510834501e-11,
                6.600757842534222e-07
            ],
            [
                1.0980103070323821e-05,
                0.0013856420991942286,
                0.9986035227775574,
                1.0342118230727082e-26,
                1.4594698782843807e-08
            ],
            [
                4.129236458538799e-06,
                1.1795012966331342e-07,
                7.408882535253625e-11,
                0.9999866485595703,
                9.133147614193149e-06
            ],
            [
                0.07236298173666,
                0.08055904507637024,
                0.3011309504508972,
                0.48674219846725464,
                0.05920501425862312
            ]
        ],
        [
            [
                0.009498286992311478,
                0.022530367597937584,
                0.9320452809333801,
                0.029797276481986046,
                0.006128918379545212
            ],
            [
                0.0007114493637345731,
                0.000893804884981364,
                0.9983853697776794,
                2.3690220896099845e-09,
                9.293485163652804e-06
            ],
            [
                0.00037155713653191924,
                0.0005639013252221048,
                0.9990649223327637,
                2.455544532097072e-24,
                4.693400867950004e-08
            ],
            [
                1.6137430520757334e-06,
