{
    "train_loss": [
        0.7273992180079222,
        0.27333731777966025,
        0.1472041998244822,
        0.10481487086508423,
        0.8029846464283764,
        0.6310818601865321,
        0.4089566775877029,
        0.1981674021226354,
        0.15650321973487735,
        0.1468214019667357
    ],
    "val_loss": [
        0.3291710901260376,
        0.1372065755724907,
        0.07981022242456674,
        0.06731283588334919,
        18.773449001312255,
        0.7634564844099805,
        0.3820336136501282,
        0.09750335037708283,
        0.06498942639213055,
        0.04782209969125688
    ],
    "feature_weights": [
        [
            [
                0.3096974790096283,
                0.21400092542171478,
                0.20000500977039337,
                0.02768716588616371,
                0.24860946834087372
            ],
            [
                0.29009827971458435,
                0.23184987902641296,
                0.21942052245140076,
                0.0034924065694212914,
                0.2551387846469879
            ],
            [
                0.29492664337158203,
                0.23177394270896912,
                0.21569089591503143,
                0.0025097832549363375,
                0.25509873032569885
            ],
            [
                0.8501086831092834,
                0.04362340271472931,
                0.02365080453455448,
                0.007543555926531553,
                0.07507362961769104
            ],
            [
                0.26853927969932556,
                0.2292604148387909,
                0.2207501232624054,
                0.034788765013217926,
                0.2466612160205841
            ]
        ],
        [
            [
                0.354947954416275,
                0.12419245392084122,
                0.0867757573723793,
                0.0011059183161705732,
                0.4329778850078583
            ],
            [
                0.3527128994464874,
                0.14801383018493652,
                0.11090804636478424,
                0.0002932602947112173,
                0.38807204365730286
            ],
            [
                0.3592636287212372,
                0.13441264629364014,
                0.09754073619842529,
                0.0002332830335944891,
                0.40854978561401367
            ],
            [
                0.38622087240219116,
                0.00016298385162372142,
                8.280196925625205e-05,
                0.0005550209316425025,
                0.6129782199859619
            ],
            [
                0.3215285539627075,
                0.18179382383823395,
                0.14795108139514923,
                0.00037046740180812776,
                0.3483559787273407
            ]
        ],
        [
            [
                0.38028284907341003,
                0.09848786890506744,
                0.043876003473997116,
                0.00033584065386094153,
                0.4770171642303467
            ],
            [
                0.3922789990901947,
                0.11270033568143845,
                0.05581989511847496,
                0.000298602826660499,
                0.4389020502567291
            ],
            [
                0.3982853889465332,
                0.07102110981941223,
                0.029502732679247856,
                0.00021121000463608652,
                0.5009796619415283
            ],
            [
                0.33302706480026245,
                9.849325579125434e-05,
                4.123149483348243e-05,
                0.000640217331238091,
                0.666192889213562
            ],
            [
                0.35501277446746826,
                0.16039174795150757,
                0.09943701326847076,
                0.0009700462687760592,
                0.38418829441070557
            ]
        ],
        [
            [
                0.39403676986694336,
                0.09249445796012878,
                0.03731667250394821,
                0.0010223023127764463,
                0.47512948513031006
            ],
            [
                0.41128602623939514,
                0.10311795026063919,
                0.04676487669348717,
                0.000968316977377981,
                0.43786299228668213
            ],
            [
                0.4206143915653229,
                0.053747303783893585,
                0.017796488478779793,
                0.00033186355722136796,
                0.5075099468231201
            ],
            [
                0.35272857546806335,
                7.44342032703571e-05,
                5.008930747862905e-05,
                0.0008712001726962626,
                0.6462757587432861
            ],
            [
                0.36751559376716614,
                0.15173393487930298,
                0.08693848550319672,
                0.0010193176567554474,
                0.39279258251190186
            ]
        ],
        [
            [
                0.3186500370502472,
                0.07625950127840042,
                0.07831279933452606,
                0.10106808692216873,
                0.4257093667984009
            ],
            [
                0.3577193319797516,
                0.030798647552728653,
                0.027115093544125557,
                0.0007701337453909218,
                0.5835967063903809
            ],
            [
                0.36462607979774475,
                0.02488889917731285,
                0.025031931698322296,
                0.0006740678218193352,
                0.5847791433334351
            ],
            [
                0.2556004822254181,
                0.0016262538265436888,
                0.008659427985548973,
                0.00079793093027547,
                0.73331618309021
            ],
            [
                0.23744483292102814,
                0.10257656872272491,
                0.09174994379281998,
                0.23152360320091248,
                0.33670496940612793
            ]
        ],
        [
            [
                0.06993404030799866,
                0.0004600085667334497,
                0.002138715237379074,
                0.002279337029904127,
                0.9251881837844849
            ],
            [
                0.17033325135707855,
                0.01963609829545021,
                0.035220757126808167,
                0.000591444200836122,
                0.7742182612419128
            ],
            [
                0.07997052371501923,
                0.0008710108231753111,
                0.018131570890545845,
                0.0001645302545512095,
                0.900862455368042
            ],
            [
                0.06862125545740128,
                2.7587358999880962e-05,
                0.00017422164091840386,
                0.00015689093561377376,
                0.9310202598571777
            ],
            [
                0.056547343730926514,
                0.03008609265089035,
                0.042654238641262054,
                0.5039734840393066,
                0.36673876643180847
            ]
        ],
        [
            [
                0.34646332263946533,
                0.00011202128371223807,
                0.0061125801876187325,
                0.00391555717214942,
                0.6433963775634766
            ],
            [
                0.38667309284210205,
                0.0026812914293259382,
                0.016963807865977287,
                0.0015858759870752692,
                0.592096209526062
            ],
            [
                0.3062613904476166,
                4.773763794219121e-05,
                0.029672497883439064,
                0.0002700964396353811,
                0.6637481451034546
            ],
            [
                0.33305537700653076,
                0.00017384217062499374,
                0.012034881860017776,
