{
    "train_loss": [
        0.5210704125277698,
        0.22217439562635263,
        0.1985823891981272,
        0.36924823495559395,
        0.5414159480655871,
        0.1290012546362118,
        0.10717864371671734,
        0.02319742398787923,
        0.0905653939752052,
        0.051964573966860356
    ],
    "val_loss": [
        0.1208644651249051,
        0.9996271138545125,
        0.40291859647259115,
        0.06913023922592401,
        0.16307134659669828,
        0.021349838012342845,
        0.03183182624314213,
        0.09832150859147078,
        0.03916278529330157,
        0.07736856888137708
    ],
    "feature_weights": [
        [
            [
                0.31557923555374146,
                0.19482490420341492,
                0.2058691382408142,
                0.09380755573511124,
                0.18991927802562714
            ],
            [
                0.29402080178260803,
                0.21679194271564484,
                0.22640559077262878,
                0.05026394873857498,
                0.21251776814460754
            ],
            [
                0.3156772255897522,
                0.21507716178894043,
                0.22971947491168976,
                0.033162787556648254,
                0.20636329054832458
            ],
            [
                0.04150822013616562,
                0.025802019983530045,
                0.025753965601325035,
                0.8693993091583252,
                0.037536587566137314
            ],
            [
                0.23836879432201385,
                0.21390080451965332,
                0.21755854785442352,
                0.11328678578138351,
                0.2168850302696228
            ]
        ],
        [
            [
                0.23516780138015747,
                0.09526750445365906,
                0.5360855460166931,
                0.08320297300815582,
                0.05027621239423752
            ],
            [
                0.19843043386936188,
                0.08589557558298111,
                0.674866259098053,
                0.00161498854868114,
                0.03919302672147751
            ],
            [
                0.17218570411205292,
                0.04316505044698715,
                0.7697765827178955,
                0.00016192886687349528,
                0.014710704796016216
            ],
            [
                0.0028781986329704523,
                0.004171586129814386,
                0.0014566488098353148,
                0.9810406565666199,
                0.010452908463776112
            ],
            [
                0.13531698286533356,
                0.10358643531799316,
                0.13195990025997162,
                0.5131492614746094,
                0.11598750948905945
            ]
        ],
        [
            [
                0.07812998443841934,
                0.05832628160715103,
                0.6879820823669434,
                0.11169155687093735,
                0.06387000530958176
            ],
            [
                0.0055894204415380955,
                0.004351094830781221,
                0.9892369508743286,
                0.00041385451913811266,
                0.0004086908884346485
            ],
            [
                0.0025031385011970997,
                0.0003315628273412585,
                0.9966945648193359,
                0.00046953026321716607,
                1.4902709608577425e-06
            ],
            [
                8.426833664998412e-05,
                4.453640212886967e-05,
                5.117733962833881e-06,
                0.9989922046661377,
                0.0008739493787288666
            ],
            [
                0.08372621238231659,
                0.0651370957493782,
                0.11541654914617538,
                0.6484790444374084,
                0.08724115043878555
            ]
        ],
        [
            [
                0.008644898422062397,
                0.0023472325410693884,
                0.01648196391761303,
                0.9620530605316162,
                0.010472802445292473
            ],
            [
                0.0003855792456306517,
                0.0011430257000029087,
                0.003963544964790344,
                0.992163360118866,
                0.00234442250803113
            ],
            [
                0.0002534108643885702,
                0.0006497536669485271,
                0.004839620552957058,
                0.9911372661590576,
                0.0031197990756481886
            ],
            [
                0.00491362763568759,
                0.0031788244377821684,
                0.9533668160438538,
                0.011595438234508038,
                0.02694539912045002
            ],
            [
                0.10582809895277023,
                0.04675668478012085,
                0.4092532694339752,
                0.3127998113632202,
                0.12536220252513885
            ]
        ],
        [
            [
                0.0002317013859283179,
                4.43691315012984e-05,
                8.267709927167743e-05,
                0.998806893825531,
                0.0008342883666045964
            ],
            [
                5.1988536142744124e-05,
                0.00015605610678903759,
                1.2598847282622335e-21,
                0.9973685145378113,
                0.0024235337041318417
            ],
            [
                0.00015929235087241977,
                5.4088821343611926e-05,
                1.5486470090365817e-28,
                0.995246171951294,
                0.004540460184216499
            ],
            [
                0.00043928850209340453,
                0.003823324339464307,
                0.9822807908058167,
                0.012152564711868763,
                0.0013039157493039966
            ],
            [
                0.03309338167309761,
                0.0182353388518095,
                0.3526834547519684,
                0.5508198142051697,
                0.04516797885298729
            ]
        ],
        [
            [
                0.0003490248927846551,
                5.555686948355287e-05,
                1.4876532894447791e-08,
                0.9953877925872803,
                0.004207621328532696
            ],
            [
                0.0006790947518311441,
                0.00018540098972152919,
                5.401612113869504e-15,
                0.9943010210990906,
                0.004834327381104231
            ],
            [
                0.0009101377218030393,
                3.534264396876097e-05,
                1.0463363532594828e-25,
                0.9910308122634888,
                0.008023712784051895
            ],
            [
                0.0004515059990808368,
                0.0031359815038740635,
                0.9620217084884644,
                0.03322867676615715,
                0.0011621828889474273
            ],
            [
                0.04084271192550659,
                0.020910780876874924,
                0.239140585064888,
                0.6469258666038513,
                0.05218019708991051
            ]
        ],
        [
            [
                0.0005197013961151242,
                8.272346167359501e-05,
                6.9795951240791965e-09,
                0.992761492729187,
                0.006635960657149553
            ],
            [
                3.5200432648707647e-06,
                6.95877270118217e-06,
                4.42637569977276e-30,
                0.9964911341667175,
                0.0034982950892299414
            ],
            [
                1.281055545239063e-18,
                3.8612867094591687e-17,
                0.0,
                0.9996851682662964,
                0.0003148093237541616
            ],
            [
                0.000721401534974575,
                0.004167512990534306,
