{
    "train_loss": [
        0.5354962483420969,
        0.36020938731264324,
        0.09019956952572102,
        0.20394036613419303,
        0.24654512849403545,
        0.20365048897219823,
        0.16048888821096624,
        1.9241795671962245,
        0.23991947067785077,
        0.15089267544448376
    ],
    "val_loss": [
        0.32901147454977037,
        0.10024812815710903,
        0.06629880107939243,
        0.10964078947901726,
        0.509458267269365,
        0.10881132613867521,
        0.023140476192347704,
        0.15908749938011169,
        0.2819334576827896,
        0.19471734896302223
    ],
    "feature_weights": [
        [
            [
                0.16283057630062103,
                0.1532321274280548,
                0.15715642273426056,
                0.3622986972332001,
                0.16448207199573517
            ],
            [
                0.2264246642589569,
                0.20239123702049255,
                0.20331263542175293,
                0.14815020561218262,
                0.21972119808197021
            ],
            [
                0.22851572930812836,
                0.20882265269756317,
                0.20970357954502106,
                0.12980429828166962,
                0.22315382957458496
            ],
            [
                0.20171581208705902,
                0.4634949266910553,
                0.1390480250120163,
                0.0051605612970888615,
                0.19058045744895935
            ],
            [
                0.19175755977630615,
                0.17390720546245575,
                0.1804029792547226,
                0.2643521726131439,
                0.18957996368408203
            ]
        ],
        [
            [
                0.15733684599399567,
                0.1281794160604477,
                0.2421824336051941,
                0.3088189959526062,
                0.1634823977947235
            ],
            [
                0.16433949768543243,
                0.18593698740005493,
                0.47547605633735657,
                0.010843200609087944,
                0.16340425610542297
            ],
            [
                0.15890967845916748,
                0.16988465189933777,
                0.506878674030304,
                0.005306481383740902,
                0.15902066230773926
            ],
            [
                0.014586642384529114,
                0.3922140896320343,
                0.03275369107723236,
                0.5463940501213074,
                0.014051510021090508
            ],
            [
                0.10735597461462021,
                0.08591020107269287,
                0.10706847906112671,
                0.5848524570465088,
                0.11481287330389023
            ]
        ],
        [
            [
                0.12473034858703613,
                0.11449448019266129,
                0.4065593183040619,
                0.23058150708675385,
                0.123634472489357
            ],
            [
                0.0015642964281141758,
                0.0032899384386837482,
                0.9939377903938293,
                2.91083165393502e-06,
                0.0012049325741827488
            ],
            [
                1.6899596175790066e-06,
                6.8545236899808515e-06,
                0.9999901652336121,
                4.964432420706544e-09,
                1.769354071257112e-06
            ],
            [
                8.835254266159609e-05,
                5.595090624410659e-05,
                6.363854026858462e-06,
                0.9997520446777344,
                9.736463834997267e-05
            ],
            [
                0.060686949640512466,
                0.051673416048288345,
                0.09628907591104507,
                0.7258949279785156,
                0.06545542925596237
            ]
        ],
        [
            [
                0.14316436648368835,
                0.14835989475250244,
                0.4041351079940796,
                0.16780997812747955,
                0.13653045892715454
            ],
            [
                0.0007470481214113533,
                0.0018109636148437858,
                0.99683678150177,
                1.7605569837542134e-06,
                0.0006036664708517492
            ],
            [
                2.204423253715504e-06,
                7.788428774802014e-06,
                0.9999884366989136,
                1.350078382422737e-10,
                1.6899310821827385e-06
            ],
            [
                0.00042185740312561393,
                0.00024319808289874345,
                2.1081377781229094e-05,
                0.9988517761230469,
                0.0004623565764632076
            ],
            [
                0.05384841933846474,
                0.0499129556119442,
                0.11575094610452652,
                0.7239227294921875,
                0.056564811617136
            ]
        ],
        [
            [
                0.09179173409938812,
                0.10253375768661499,
                0.6576893329620361,
                0.06955718994140625,
                0.07842816412448883
            ],
            [
                8.526385499862954e-05,
                0.00015275042096618563,
                0.9996207356452942,
                8.795669418759644e-05,
                5.334797970135696e-05
            ],
            [
                4.922768859216831e-09,
                1.1243520958714726e-07,
                0.9878888726234436,
                0.012110976502299309,
                1.4152590210869676e-09
            ],
            [
                0.0013732773950323462,
                0.0007417917368002236,
                6.5597882894508075e-06,
                0.9924864172935486,
                0.005392132326960564
            ],
            [
                0.03926669806241989,
                0.03916487842798233,
                0.1397971361875534,
                0.7405776977539062,
                0.0411938801407814
            ]
        ],
        [
            [
                0.008689087815582752,
                0.01096357312053442,
                0.9686463475227356,
                0.005481912288814783,
                0.006219204980880022
            ],
            [
                2.775484426820185e-05,
                3.386375101399608e-05,
                0.9919121265411377,
                0.008010871708393097,
                1.558597978146281e-05
            ],
            [
                2.3896898710518144e-05,
                1.9977735021825538e-09,
                0.638362467288971,
                0.28917640447616577,
                0.07243721187114716
            ],
            [
                0.005301290191709995,
                0.25209951400756836,
                0.0025843705516308546,
                0.727005660533905,
                0.013009177520871162
            ],
            [
                0.030657252296805382,
                0.029801836237311363,
                0.1134534552693367,
                0.790325403213501,
                0.03576217591762543
            ]
        ],
        [
            [
                0.0011993712978437543,
                0.008295117877423763,
                0.9878800511360168,
                0.00171088264323771,
                0.0009142643539234996
            ],
            [
                3.940112236477944e-09,
                1.5823758303668e-08,
                1.0,
                6.245393742096428e-13,
                1.1616413386761337e-09
            ],
            [
                0.00022319048002827913,
                9.220337999994358e-24,
                1.5535111063296488e-20,
                0.9135347008705139,
                0.08624209463596344
            ],
            [
                0.0010829719249159098,
                0.9187476634979248,
