{
    "train_loss": [
        0.5358570516109467,
        0.6170439813565463,
        0.5263760151062161,
        0.4009910477965605,
        0.15054909845694056,
        0.06998856902020634,
        0.1856840299873147,
        0.19789823129947762,
        0.11288557163788937,
        0.04069345481768209
    ],
    "val_loss": [
        0.3360604323446751,
        0.5999469617009163,
        1.441150067448616,
        0.09205743454396725,
        0.10112012647092343,
        0.008607990492455428,
        0.014810338440584018,
        0.020096564644481986,
        0.04396205042488873,
        0.023874437947451952
    ],
    "feature_weights": [
        [
            8.252152442932129,
            7.506124496459961,
            5.989323616027832,
            3.2406578063964844,
            7.01174259185791
        ],
        [
            9.621586799621582,
            5.723384380340576,
            4.989720821380615,
            5.252928733825684,
            6.412381649017334
        ],
        [
            7.812394142150879,
            4.697371482849121,
            6.016334533691406,
            6.645467758178711,
            6.82843017578125
        ],
        [
            5.567203044891357,
            1.5277470350265503,
            8.694295883178711,
            6.726259231567383,
            9.484491348266602
        ],
        [
            2.837531089782715,
            0.9363477230072021,
            10.914507865905762,
            8.290519714355469,
            9.021096229553223
        ],
        [
            2.029320478439331,
            0.5975526571273804,
            11.538338661193848,
            10.083905220031738,
            7.750887393951416
        ],
        [
            0.8517464995384216,
            0.9027001857757568,
            18.285917282104492,
            10.769842147827148,
            1.1897917985916138
        ],
        [
            0.6465073227882385,
            0.6331949234008789,
            19.02113151550293,
            10.859999656677246,
            0.8391664624214172
        ],
        [
            0.42764711380004883,
            0.39757052063941956,
            20.50721549987793,
            9.862398147583008,
            0.8051624894142151
        ],
        [
            0.50698322057724,
            0.5812836289405823,
            20.8106689453125,
            8.421319007873535,
            1.6797486543655396
        ]
    ],
    "epochs": 10
}