{
    "train_loss": [
        0.4615440071374178,
        0.24716591205447913,
        0.41011709155282006,
        0.5288292758818716,
        0.16935542149236427,
        0.1679004738945514,
        0.11907973492983728,
        0.31992551423143595,
        0.09297873700037598,
        0.07659256490296684
    ],
    "val_loss": [
        0.12524694748222828,
        0.1284077112749219,
        0.08368562245741487,
        0.1707987383566797,
        0.14408533342182636,
        0.09849541902542114,
        0.06260377082973718,
        0.07548877350986004,
        0.04301491460762918,
        0.043644103538244966
    ],
    "feature_weights": [
        [
            [
                0.25392138957977295,
                0.225130096077919,
                0.2203526645898819,
                0.06975862383842468,
                0.23083710670471191
            ],
            [
                0.24211764335632324,
                0.22923000156879425,
                0.2270963191986084,
                0.06795172393321991,
                0.23360423743724823
            ],
            [
                0.24609185755252838,
                0.2325402945280075,
                0.23033730685710907,
                0.05561792850494385,
                0.23541247844696045
            ],
            [
                0.5086917877197266,
                0.14505712687969208,
                0.133027583360672,
                0.013907944783568382,
                0.1993154138326645
            ],
            [
                0.23058030009269714,
                0.22484256327152252,
                0.2229757308959961,
                0.09507524222135544,
                0.2265261560678482
            ]
        ],
        [
            [
                0.2409074753522873,
                0.20552752912044525,
                0.19757215678691864,
                0.1199617013335228,
                0.23603112995624542
            ],
            [
                0.2249784767627716,
                0.20545479655265808,
                0.2021113485097885,
                0.13716696202754974,
                0.23028838634490967
            ],
            [
                0.2361363023519516,
                0.2177859991788864,
                0.21153385937213898,
                0.09408830106258392,
                0.24045541882514954
            ],
            [
                0.28024882078170776,
                0.11226128041744232,
                0.08461905270814896,
                0.009730198420584202,
                0.5131405591964722
            ],
            [
                0.21972520649433136,
                0.20480605959892273,
                0.200685515999794,
                0.15143035352230072,
                0.22335264086723328
            ]
        ],
        [
            [
                0.24094323813915253,
                0.1811058074235916,
                0.18109861016273499,
                0.06749565154314041,
                0.32935672998428345
            ],
            [
                0.27137109637260437,
                0.17223620414733887,
                0.18131659924983978,
                0.002161887474358082,
                0.37291422486305237
            ],
            [
                0.2718106508255005,
                0.16663546860218048,
                0.16548609733581543,
                0.002922225743532181,
                0.39314550161361694
            ],
            [
                0.14372161030769348,
                0.003722862107679248,
                0.011301526799798012,
                0.0010452524293214083,
                0.8402090072631836
            ],
            [
                0.2427193522453308,
                0.18993274867534637,
                0.19141152501106262,
                0.10613291710615158,
                0.26980340480804443
            ]
        ],
        [
            [
                0.09033258259296417,
                0.13241618871688843,
                0.07690676301717758,
                0.04375719279050827,
                0.6565871834754944
            ],
            [
                0.15331342816352844,
                0.2217233031988144,
                0.17276974022388458,
                0.0070226979441940784,
                0.4451709985733032
            ],
            [
                0.13015660643577576,
                0.1843000203371048,
                0.11186068505048752,
                0.0014936202205717564,
                0.5721892714500427
            ],
            [
                0.12158564478158951,
                0.0047690374776721,
                0.0007253748481161892,
                3.807612642958702e-07,
                0.8729193806648254
            ],
            [
                0.14526796340942383,
                0.19971713423728943,
                0.154464989900589,
                0.2016417235136032,
                0.29890814423561096
            ]
        ],
        [
            [
                0.012564118020236492,
                0.06230193376541138,
                0.04516787454485893,
                0.009572405368089676,
                0.8703939914703369
            ],
            [
                0.03533914312720299,
                0.19533392786979675,
                0.18823064863681793,
                0.001770119066350162,
                0.5793259739875793
            ],
            [
                0.02556275576353073,
                0.16002978384494781,
                0.13344848155975342,
                0.001446448964998126,
                0.6795122623443604
            ],
            [
                0.011546902358531952,
                0.008466904982924461,
                0.008645652793347836,
                1.9094849790235457e-07,
                0.9713401794433594
            ],
            [
                0.049712132662534714,
                0.13091930747032166,
                0.11464085429906845,
                0.4048605263233185,
                0.2998669445514679
            ]
        ],
        [
            [
                0.013649064116179943,
                0.02920907363295555,
                0.035523831844329834,
                0.005684300325810909,
                0.9159337878227234
            ],
            [
                0.04123507812619209,
                0.18297140300273895,
                0.16617871820926666,
                0.0013038822216913104,
                0.6083110570907593
            ],
            [
                0.030406877398490906,
                0.11431378871202469,
                0.08783265948295593,
                0.0017191653605550528,
                0.7657273411750793
            ],
            [
                0.011975221335887909,
                0.005614045541733503,
                0.021585438400506973,
                3.5569101441979e-07,
                0.9608249664306641
            ],
            [
                0.058737389743328094,
                0.11293256282806396,
                0.09990593045949936,
                0.4371199309825897,
                0.29130399227142334
            ]
        ],
        [
            [
                0.07630668580532074,
                0.20396389067173004,
                0.022880030795931816,
                0.002654611598700285,
                0.6941946744918823
            ],
            [
                0.14324423670768738,
                0.24159595370292664,
                0.16233095526695251,
                0.0017449342412874103,
                0.4510839283466339
            ],
            [
                0.07992470264434814,
                0.23894619941711426,
                0.07101774960756302,
                0.001748936134390533,
                0.6083625555038452
            ],
            [
                0.0355352982878685,
                0.200045645236969,
                0.01585361920297146,
                4.9259710976912174e-06,
